{
  "assessments": [
    {
      "id": "1759405197518",
      "courseId": "1",
      "title": "Final Quiz",
      "description": "All the Best!!",
      "questions": [
        {
          "text": "Success",
          "options": [
            "S",
            "D",
            "E"
          ],
          "answer": "D"
        },
        {
          "text": "LifeLine",
          "options": [
            "S",
            "U",
            "P"
          ],
          "answer": "P"
        }
      ]
    }
  ]
}