{
   "posts": [
    {
      "id": 101,
      "title": "a title",
      "views": 100
    },
    {
      "id": "2",
      "title": "another title",
      "views": 200
    },
    {
      "id": "108",
      "title": "new post",
      "views": 100
    },
    {
      "id": 107,
      "title": "new post",
      "views": 100
    },
    {
      "id": 109,
      "title": "new post",
      "views": 100
    }
  ],
  "comments": [
    {
      "id": "1",
      "text": "a comment about post 1",
      "postId": "1"
    },
    {
      "id": "2",
      "text": "another comment about post 1",
      "postId": "1"
    }
  ],
  "profile": {
    "name": "typicode"
  }
}