{
  "products": [
    {
      "id": 8877864081341452000,
      "model": "UPC00001",
      "name": "Samsung Mobile S25",
      "imageUrl": "https://images.unsplash.com/photo-1738830234395-a351829a1c7b?w=150"
    },
    {
      "id": 2066828733405172200,
      "model": "UPC00002",
      "name": "Samsung Mobile S25 ULTRA",
      "imageUrl": "https://placehold.co/200x150/E0E0E0/333?text=S25 ULTRA"
    },
    {
      "id": 6569845068826454000,
      "model": "UPC00003",
      "name": "Samsung Mobile S24",
      "imageUrl": "https://placehold.co/200x150/E0E0E0/333?text=Samsung Mobile S24"
    },
    {
      "id": 51177472383135040,
      "model": "UPC00004",
      "name": "Samsung Mobile S24 ULTRA",
      "imageUrl": "https://placehold.co/200x150/E0E0E0/333?text=Samsung Mobile S24"
    },
    {
      "id": 5867992669302112000,
      "model": "UPC00005",
      "name": "Samsung Mobile FOLD5",
      "imageUrl": "https://placehold.co/200x150/E0E0E0/333?text=Samsung Mobile FOLD5"
    },
    {
      "id": 8777808052895820000,
      "model": "UPC00006",
      "name": "Samsung Mobile FLIP5",
      "imageUrl": "https://placehold.co/200x150/E0E0E0/333?text=Samsung Mobile FLIP5"
    }
  ]
}